/*
 Navicat Premium Data Transfer

 Source Server         : localhost_3306
 Source Server Type    : MySQL
 Source Server Version : 50719
 Source Host           : localhost:3306
 Source Schema         : ry

 Target Server Type    : MySQL
 Target Server Version : 50719
 File Encoding         : 65001

 Date: 29/05/2022 23:10:12
*/

SET NAMES utf8mb4;
SET FOREIGN_KEY_CHECKS = 0;

-- ----------------------------
-- Table structure for student_abnormal
-- ----------------------------
DROP TABLE IF EXISTS `student_abnormal`;
CREATE TABLE `student_abnormal`  (
  `num` int(10) UNSIGNED NOT NULL AUTO_INCREMENT COMMENT '自增主键',
  `idcard` int(8) NOT NULL COMMENT '学号',
  `name` varchar(30) CHARACTER SET utf8 COLLATE utf8_general_ci NULL DEFAULT '' COMMENT '姓名',
  `grade` varchar(10) CHARACTER SET utf8 COLLATE utf8_general_ci NULL DEFAULT '' COMMENT '年级',
  `major` varchar(30) CHARACTER SET utf8 COLLATE utf8_general_ci NULL DEFAULT '' COMMENT '专业',
  `stucla` varchar(10) CHARACTER SET utf8 COLLATE utf8_general_ci NULL DEFAULT '' COMMENT '班级',
  `phone` varchar(11) CHARACTER SET utf8 COLLATE utf8_general_ci NULL DEFAULT '' COMMENT '电话',
  `abntime` timestamp(0) NULL DEFAULT CURRENT_TIMESTAMP(0) ON UPDATE CURRENT_TIMESTAMP(0) COMMENT '日期',
  PRIMARY KEY (`num`) USING BTREE,
  INDEX `idcard`(`idcard`) USING BTREE,
  CONSTRAINT `student_abnormal_ibfk_1` FOREIGN KEY (`idcard`) REFERENCES `student_info` (`idcard`) ON DELETE CASCADE ON UPDATE CASCADE
) ENGINE = InnoDB AUTO_INCREMENT = 22 CHARACTER SET = utf8 COLLATE = utf8_general_ci ROW_FORMAT = Dynamic;

-- ----------------------------
-- Records of student_abnormal
-- ----------------------------
INSERT INTO `student_abnormal` VALUES (1, 1, '周杰伦', '2018级', '软件工程', '4班', '13000000000', '2022-05-01 03:55:06');
INSERT INTO `student_abnormal` VALUES (2, 2, '蔡徐坤', '2018级', '软件工程', '4班', '13000000000', '2022-05-01 03:55:22');
INSERT INTO `student_abnormal` VALUES (3, 4, '汪苏泷', '2018级', '软件工程', '4班', '13000000000', '2022-05-01 03:44:20');
INSERT INTO `student_abnormal` VALUES (4, 3, '许嵩', '2018级', '软件工程', '4班', '13000000000', '2022-05-02 03:59:01');
INSERT INTO `student_abnormal` VALUES (5, 1, '周杰伦', '2018级', '软件工程', '4班', '13000000000', '2022-05-05 23:59:59');
INSERT INTO `student_abnormal` VALUES (6, 2, '蔡徐坤', '2018级', '软件工程', '4班', '13000000000', '2022-05-05 23:59:59');
INSERT INTO `student_abnormal` VALUES (7, 3, '许嵩', '2018级', '软件工程', '4班', '13000000000', '2022-05-05 23:59:59');
INSERT INTO `student_abnormal` VALUES (8, 4, '汪苏泷', '2018级', '软件工程', '4班', '13000000000', '2022-05-05 23:59:59');
INSERT INTO `student_abnormal` VALUES (9, 1, '周杰伦', '2018级', '软件工程', '4班', '13000000000', '2022-05-07 23:59:59');
INSERT INTO `student_abnormal` VALUES (10, 2, '蔡徐坤', '2018级', '软件工程', '4班', '13000000000', '2022-05-08 23:59:59');
INSERT INTO `student_abnormal` VALUES (11, 3, '许嵩', '2018级', '软件工程', '4班', '13000000000', '2022-05-08 23:59:59');
INSERT INTO `student_abnormal` VALUES (12, 2, '蔡徐坤', '2018级', '软件工程', '4班', '13000000000', '2022-05-10 23:59:59');
INSERT INTO `student_abnormal` VALUES (13, 2, '蔡徐坤', '2018级', '软件工程', '4班', '13000000000', '2022-05-11 23:59:59');
INSERT INTO `student_abnormal` VALUES (14, 2, '蔡徐坤', '2018级', '软件工程', '4班', '13000000000', '2022-05-12 23:59:59');
INSERT INTO `student_abnormal` VALUES (15, 3, '许嵩', '2018级', '软件工程', '4班', '13000000000', '2022-05-13 23:59:59');
INSERT INTO `student_abnormal` VALUES (16, 4, '汪苏泷', '2018级', '软件工程', '4班', '13000000000', '2022-05-13 23:59:59');
INSERT INTO `student_abnormal` VALUES (17, 3, '许嵩', '2018级', '软件工程', '4班', '13000000000', '2022-05-14 23:59:59');
INSERT INTO `student_abnormal` VALUES (18, 4, '汪苏泷', '2018级', '软件工程', '4班', '13000000000', '2022-05-14 23:59:59');
INSERT INTO `student_abnormal` VALUES (19, 4, '汪苏泷', '2018级', '软件工程', '4班', '13000000000', '2022-05-15 23:59:59');
INSERT INTO `student_abnormal` VALUES (20, 3, '许嵩', '2018级', '软件工程', '4班', '13000000000', '2022-05-15 23:59:59');
INSERT INTO `student_abnormal` VALUES (21, 3, '许嵩', '2018级', '软件工程', '4班', '13000000000', '2022-05-16 23:59:59');

SET FOREIGN_KEY_CHECKS = 1;

/*
 Navicat Premium Data Transfer

 Source Server         : localhost_3306
 Source Server Type    : MySQL
 Source Server Version : 50719
 Source Host           : localhost:3306
 Source Schema         : ry

 Target Server Type    : MySQL
 Target Server Version : 50719
 File Encoding         : 65001

 Date: 29/05/2022 23:10:21
*/

SET NAMES utf8mb4;
SET FOREIGN_KEY_CHECKS = 0;

-- ----------------------------
-- Table structure for student_backtime
-- ----------------------------
DROP TABLE IF EXISTS `student_backtime`;
CREATE TABLE `student_backtime`  (
  `idcard` int(8) NOT NULL COMMENT '学号',
  `name` varchar(30) CHARACTER SET utf8 COLLATE utf8_general_ci NULL DEFAULT NULL COMMENT '姓名',
  `backtime` timestamp(0) NULL DEFAULT CURRENT_TIMESTAMP(0) COMMENT '归寝时间',
  `backstatus` varchar(4) CHARACTER SET utf8 COLLATE utf8_general_ci NULL DEFAULT '未知' COMMENT '归寝状态',
  INDEX `idcard`(`idcard`) USING BTREE,
  CONSTRAINT `student_backtime_ibfk_1` FOREIGN KEY (`idcard`) REFERENCES `student_info` (`idcard`) ON DELETE CASCADE ON UPDATE CASCADE
) ENGINE = InnoDB CHARACTER SET = utf8 COLLATE = utf8_general_ci ROW_FORMAT = Dynamic;

-- ----------------------------
-- Records of student_backtime
-- ----------------------------
INSERT INTO `student_backtime` VALUES (3, '许嵩', '2022-05-01 13:38:00', '正常');
INSERT INTO `student_backtime` VALUES (1, '周杰伦', '2022-05-02 08:56:26', '正常');
INSERT INTO `student_backtime` VALUES (4, '汪苏泷', '2022-05-02 13:56:49', '正常');
INSERT INTO `student_backtime` VALUES (2, '蔡徐坤', '2022-05-02 23:57:24', '晚归');
INSERT INTO `student_backtime` VALUES (4, '汪苏泷', '2022-05-02 13:56:49', '正常');
INSERT INTO `student_backtime` VALUES (3, '许嵩', '2022-05-03 18:38:00', '正常');
INSERT INTO `student_backtime` VALUES (1, '周杰伦', '2022-05-04 08:56:26', '正常');
INSERT INTO `student_backtime` VALUES (2, '蔡徐坤', '2022-05-04 23:57:24', '晚归');
INSERT INTO `student_backtime` VALUES (3, '许嵩', '2022-05-04 13:38:00', '正常');
INSERT INTO `student_backtime` VALUES (4, '汪苏泷', '2022-05-04 13:56:49', '正常');
INSERT INTO `student_backtime` VALUES (1, '周杰伦', '2022-05-09 23:06:26', '晚归');
INSERT INTO `student_backtime` VALUES (2, '蔡徐坤', '2022-05-06 23:02:00', '晚归');
INSERT INTO `student_backtime` VALUES (3, '许嵩', '2022-05-06 23:02:59', '晚归');
INSERT INTO `student_backtime` VALUES (4, '汪苏泷', '2022-05-06 23:06:49', '晚归');
INSERT INTO `student_backtime` VALUES (2, '蔡徐坤', '2022-05-07 13:57:24', '正常');
INSERT INTO `student_backtime` VALUES (3, '许嵩', '2022-05-07 23:02:00', '晚归');
INSERT INTO `student_backtime` VALUES (4, '汪苏泷', '2022-05-07 23:06:49', '晚归');
INSERT INTO `student_backtime` VALUES (1, '周杰伦', '2022-05-06 23:06:26', '晚归');
INSERT INTO `student_backtime` VALUES (1, '周杰伦', '2022-05-08 18:06:26', '正常');
INSERT INTO `student_backtime` VALUES (4, '汪苏泷', '2022-05-08 23:06:49', '晚归');
INSERT INTO `student_backtime` VALUES (3, '许嵩', '2022-05-09 13:57:24', '正常');
INSERT INTO `student_backtime` VALUES (2, '蔡徐坤', '2022-05-09 13:56:49', '正常');
INSERT INTO `student_backtime` VALUES (4, '汪苏泷', '2022-05-09 13:06:49', '正常');
INSERT INTO `student_backtime` VALUES (2, '蔡徐坤', '2022-05-13 13:56:49', '正常');
INSERT INTO `student_backtime` VALUES (4, '汪苏泷', '2022-05-16 23:06:49', '晚归');
INSERT INTO `student_backtime` VALUES (3, '许嵩', '2022-05-17 13:57:24', '正常');
INSERT INTO `student_backtime` VALUES (18102292, '付林铭', '2022-05-21 10:02:48', '正常');

SET FOREIGN_KEY_CHECKS = 1;

/*
 Navicat Premium Data Transfer

 Source Server         : localhost_3306
 Source Server Type    : MySQL
 Source Server Version : 50719
 Source Host           : localhost:3306
 Source Schema         : ry

 Target Server Type    : MySQL
 Target Server Version : 50719
 File Encoding         : 65001

 Date: 29/05/2022 23:11:21
*/

SET NAMES utf8mb4;
SET FOREIGN_KEY_CHECKS = 0;

-- ----------------------------
-- Table structure for student_face
-- ----------------------------
DROP TABLE IF EXISTS `student_face`;
CREATE TABLE `student_face`  (
  `idcard` int(8) NOT NULL COMMENT '学号',
  `name` varchar(30) CHARACTER SET utf8 COLLATE utf8_general_ci NULL DEFAULT '' COMMENT '姓名',
  `face_id` varchar(31) CHARACTER SET utf8mb4 COLLATE utf8mb4_general_ci NULL DEFAULT NULL COMMENT '人脸id',
  `face_feature` blob NULL COMMENT '人脸特征',
  `create_time` timestamp(0) NOT NULL DEFAULT CURRENT_TIMESTAMP(0) COMMENT '创建时间',
  `update_time` timestamp(0) NOT NULL DEFAULT CURRENT_TIMESTAMP(0) ON UPDATE CURRENT_TIMESTAMP(0) COMMENT '更新时间',
  INDEX `idcard`(`idcard`) USING BTREE,
  CONSTRAINT `student_face_ibfk_1` FOREIGN KEY (`idcard`) REFERENCES `student_info` (`idcard`) ON DELETE CASCADE ON UPDATE CASCADE
) ENGINE = InnoDB CHARACTER SET = utf8 COLLATE = utf8_general_ci ROW_FORMAT = Dynamic;

-- ----------------------------
-- Records of student_face
-- ----------------------------
INSERT INTO `student_face` VALUES (2, '蔡徐坤', 'p0ce207d9p', 0x0080FA440000A04146E0B9BD58AA0D3D54463F3D9383C2BD95F000BE6B93FBBDEA2705BE1B33963DCE8A683DBFD7D83DF5696BBD60C6DABC0C3CA03DB1E871BC83A5183EB8D0FC3BCB53403DEB8F813D897393BDE29CA83DE6D2AF3CEF3B053CB64F77BD0B47643D4C1A76BCE5D37ABD8E5FAEBC8454943DF403DABD0E94AC3DC4D19E3C9B51383D3B5D9B3D9FD7593D781711BD65CDD63DF68699BD7962D4BCCE48E7BC198888BDE12484BC7F0303BD4256B63C289FCD3DA249E63DDA679EBC2FA9913DBE6D57BD8AB725BD9313D43C36C0413CFAFB93BD47E67D3CFE46C33A46C0AFBC3A78FE3CE504183DC0704ABBB145FCBC4268783D1229CC3CB0D5C7BDD628EBBDFD3730BDB9B2A73C9B9C163D26E248BD51F017BDF324003D07586CBB858EECBBF5D086BDEE7D373DDA61B2BC0C1DC13CEEF56D3B647A153E906A4DBDBAB4093C59B7D53DC47286BDFF2C083D9A3C0F3E4ED3E8BC948EB9BC93D2993D86F595BD2A9CA7BBFA9B1BBAF533403C055692BD99AA47BD341CCC3DFD12D53C01A006BC8E0C203D5190FEBC9ECBAFBD5C8475BD7405A9BAA3F7E53CC207913D5D912C3D73FCAEBDCEE6BA3D7FE615BCD1420C3D5EB0823B182A94BD002F08BD632EC83CDFF57E3D10DD0B3DFC7E5A3DB962C7BD530447BD0D5E15BD192C403C59DA863CE5CA82BD9227763DD2C97FBCB088AABC2BF08ABD9ECF0BBE78B5303DBF2C2EBC6A91A53C812D9E3DBF4D57BD2613CFBD7F38F63C1C4AC03D8557A8BDC6E03F3DDFE1A2BDDAECBE3D00C9983C9DCCDCBCF0BCDAB9E1E5463D006D73BC31B3AA3D8559C03D5225113D79B61BBC446F573D00135EBD5534493D80CE05BCB4AE873D8C9E0E3D3650A93D670F4FBD9B7FB6BBAD4C013EFC2D29BD004015BD140CC33D7DBF2EBC21886F3D67D7A73DC6777A3D5E55C33CF93CC23D21D87E3D9BD88C3C59F7BBBD39B44BBC175AA23D3A659BBC911D14BD22EAA23C259B903DD605AC3CFF3E40BDBBE8BA3D475D1EBCBB933CBDAB3F733DDA5F243DC4F1F8BD32E596BDEC69C63CDB46123DE6DA0ABC2A538A3D4B79793D348CF53B0FF9833D1505D43DE157AEBD079058BDBC24283DC3409CBCB63A383D46B671BAD90536BC09CF04BDB9BA2BBD7EB4FB3C243C68BD6893183E3094FDBD38A37EBC02DF7ABC5BDC1F3EA61AADBCCC6DADBB357AADBDD032D7BCC4070ABEE5779C3B69B1ED3B7CB04ABC2DAB513D539E2C3DB20C00BDA7BB3B3D834231BE7E8E993D27533FBD9AE6F239AF99F7BCCAA8E1BCF7537EBC5FA964BDB35F62BDAFBF9DBD361EF0BC82E6723D53BECA3CED172C3D5C2B9EBC1BA4F23D7FDADC3DDB28BF3B70D8653D9C0DE93D94EEBCBCB75A563CEED426BD3329C3BC584426BDB403CC3DD1F0CB3C26257DBD031BBCBBBA3CF03DE73E643DFE54383DA49CB83BED79B2BDB539B7BDF8D8A3BDBA0DC1BD, '2022-05-21 03:32:21', '2022-05-21 03:32:21');
INSERT INTO `student_face` VALUES (4, '汪苏泷', '8bv7yqztqi', 0x0080FA440000A0412068CB3D25E5C5BD3421E9BDB79C60BDD613C23D9A5D2CBD9492A5BD43817A3DBC7AB73CEE94813D0FA454BD522D073D4FB14C3DC28E1C3D348A323D9163F0BC558ED6BDF135223C1B4F79BD7A8267BCA52F59BC4CF944BD26E94A3D52E9833B9342B63D41C2A73D844A443C9C0CD8BDA25E053E592E9D3CF5348DBC9B40993B26D6B5BB173C3BBD0A819E3D6F4C183C0E22EABCED5078BDC141A8BDAF3A41BD03567FBC9C4570BB01CB7DBC10D6443D11831DBCBFBF4DBCE455BB3D496C473E0217103DC7445D3C74DAB93D3BB08ABDEE5E823DCF777B3CAE729FBB746184BC3516A2BD8D53C03D3AED38BD4794D43CFE69833DFC0141BD01C872BC6553A4BD9E885BBC8943493B69EF9CBB0DE3473CAD64683D9C7E7C3CB25147BDA7B6983DBF5012BBC1329E3A9DF2533DC83583BC96F1AF3B066D8EBCEB38963DF208E83CB73276BC4207F1BD1983F4BDE2464DBDF14275BDA9AAC73C64D2753DC280393D9A5C82BC12BE183D2229193D4AFC593D8A0028BD9FC54BBD1DF50EBBC4D8713D60B1933C1FA8553D7F4679BCFB7F343DC12E1ABD113612BDD6E522BDD990DC3D6E0DA13A00CC42BCC18059BD5324EC3C6C4C80BDDC872D3DEB9DB8BC86AB043D416051BD1F3A403DA094DABC037E92BD9A52DCBD4D4AA7BD30A9BC3C2CBAD33D5961E6BD3F37FB3BE4149F3D122020BCC4B6A33D864AC6BD09EE0E3DBACE57BDD44E783C270494BD820C85BDA96DDABCA9A5883DB7CD223ABC92573D1C140FBEF8AE073E3AFBA0BDC60C07BDCD96AC3B3DED26BBA78841BDAB5581BD345C30BD0C40FB3C6744173C2008A5BD49E591BD58BF87BCCC406CBD1B7EBABD132B35BDB456063C9A46A3BD1C28033CE0FCADBDEAC384BDE57E0CBC1FBF0B3D9CA5D63C633AC63CD513263D5699C0BB2A61E6BDAA49963D35B609BD0A5C5F3CE919F23D95F0223E257177BDF2E7BF3DB01333BC07059CBDEDF758BB024B3BBDAA07183E04C53ABD9595CF3DF2F6EE3D2A852ABC91C3143C225B863D063B843D6D03C8BB4A0A663D29E1AE3C7DAC6D3DFA8DD6BD1132533D63AD403DA0FF883D66C1B33DD70C6D3C457AAB3DD31477BC12EA6DBD7020F9BDB2B5AD3DDC4D963DC313BA3CD6CF04BD9F12F53D4A6CCBBD649C9BBBBAC282BD1BF7E43CCEA52CBDA5F74BBD2B37A3BD81AC87BD640819BDD7EDA8BBAB56173EB486C8BD8ECD563DA313983CBDA1A6BDB79A98BDAE139CBDC1C8EABD1EFEFA3A9BF0133D32D3353A09CAE5BC2D0709BC99D5683D5EDF09BC1C3A93BDE2E383BD4DF49DB8B3DAEF3CF66E4A3D277CF23D47D327BEBE20753C6ED5B43D0E7AFE3A5B7DD93DDDC667BC6040B13DA4E922BD9A9F2DBD81EE793DA4062EBD70B879BD0DB3B2BD416AFC3B8D20F33C47E32A3D5CDCCEBCE4A2F73D24C68ABCA30A9A3D3481853CC3367B3D36888BBD, '2022-05-21 03:33:46', '2022-05-21 03:33:46');
INSERT INTO `student_face` VALUES (3, '许嵩', 'h71v5wkqvt', 0x0080FA440000A04193D41ABDCD0ED5BDCE3F8CBD428A7E3CF2BE223E0309933BF866433DDB41BC3DB2551B3D2F1D003E432DAD3D6FAE833DE02726BD399EAD3D246ED33D063173BD4C7D2A3D48044ABBDA0F043D281367BCDD9123BC6FABA4BC8D6C073E60A87E3D26B85CB748035D3D967EC93D8801AFBCC4A23BBDDBD5463D244905BD26AD9ABD622AD8BC274234BD44BA693CB8A46ABDCF004F3C68D9A0BDDA03FA3D62594BBD8F357F3DE867B63D992A553C942DB13CE652BD3DB13AFE3CF6DCA83DE6B7CD3DACBA6C3DD404BF3D0F66453DAC5098BD10E958BDF2B05E3D191801BCFA0A5E3D2E0192BCE6D7D13C442774BDF13D8BBC0665F83C4F9289BCBF1104BDFEC78E3D63E5903DAD01F33D8F5868BD5C1267BBDAFD3E3E086D0DBC142D3E3D68FAB6BA15F966BD2B050BBE49CCF6BCBE4B2DBD934D16BCA9D6D6BCE5F9173DF8019E3D8965DBBCC7D8BD3C880C683D1D0A1DBD564248BDE39F1CBDF5988F3CC97BDFBBCE0796BCB282A43DC9F2473D97826F3DC39268BDC1F65ABD08793DBDD12EEBBCAFC0743DFF5BA8BCB041E0BC00DDAA3ABD6204BCA5B126BD77A65F3C2DD411BE48E7F7BD982DDBBA67440F3DB08B4BBD5FB345BC7F7B1CBE688984BDC05ED23B62D6BDBBD8A3E93D3509143C3ECAEB3C43688B3DCB85FF3C810888BC353F713D1FFFDCBD28E4A63D5EF1053EB2BA95BDDB716DBDEF1B0ABCAA6E98BCC7A9B7BD8161823D983BC3BD7AA51BBDFDC8C9BCA2A7043D5DE308BC7977DC3B298FB2BD52AAABBD8601D3BBFEFEC43D656E23BEE613F5BC5E12B93C27771E3E56E08C3D1E9061BB0A46E2BC8820053E17F0733CC91513BB599103BEE3EAD93D7AF05A3CAA0D9ABCF45626BDB26894BCB8D2C93D9943003DCAA601BDBAFE24BC137C823DDE1CF7BC5507DC3D92B7823DFEBDFCBD5821493C5064AE3D8AA242BC33174CBD6C29B53D034EEDBD273680BD3864723CBA2FCCBBE898DEBC3A72DC3CC17495BB4DB484BCD1A2F7BD60EB603D287A49BDEEF5973D263D033CDD7C40BD5F988ABD3D2B943D884BFB3BD65C983BD29597BD7C3F23BD27E0063D45D1833DAFAF073D6E8D153A98F9143D9C3675BCCCF9E4BD91230FBD591FEB3C6E00823DECC55F3DD1DDB8BCBE06523D710043BD722AE4BCFCD03EBDB47BAD3D878E51BDE9A6C8BD77AAF8BC483633BD669C0C3D232F2CBDF0C5A53D229AA4BC3BD990BB9FC1073DEA5ACA3C3B3000BD73F332BD09D7A4BC08161B3D086185BDA2F8D3BC60B111BDA50F09BEAFC2C93CE3F6303D065CF5BDF310DFBC813AE4BD972BFDBC977B96BD2E173BBD064C053C22E6EA3DBADE003E8DD1C73C3680013B766C81BDA40C8C3D7289D53B6864D33CC8E4B5BC903D9DBD98F1563D261CBDBCD54FC93D9E9D903CE29B5ABD351E7E3DA54510BDEFC708BDE5F6043D923F2FBD1816CF3CFBFA0BBD, '2022-05-21 03:34:59', '2022-05-21 03:34:59');
INSERT INTO `student_face` VALUES (1, '周杰伦', 'tgl3qrbwqh', 0x0080FA440000A04136C382BD46AFF23C0C233A3DD1F8D5BD7BF7BF3CA4FA133E4FFC243DD3C5363D2C78023CB3FE783D3F4816BD014E033C8DBF3BBDD6795E3DCFFCB73DADBFC93C821FDB3B39B8093E6130013E9640C2BC34163EBD360E903BB632A5BDF04CBD3CBD5BB23C735642BD751AA23CDD1A1C3C12C5E2BCC47E8DBD2A02DC3C01DC8BBC613ACF3CE9DD15BB03E08BBCFA87753C3C9BC73BC3CF123C6209FABC130FAA3DEEAE5EBD1BA2C6BB6E035EBCB6AA28BD777A823A31868ABB63E495BCDFBE91BC8263E7BC619E803D10E91D3D074FA13D9143D4BDC41415BCF2CBC9BD42BA5DBC694DAC3D1F89D0BDA4B0CEBB63D857BD1F4C97BD046CAC3DCBCE733C8D38FA3DD92FD03DB04B6DBD740973BC3ABA113C537D023DE7CBA33D899D9BBD02EC16BD9E71AABC522A6C3CB5F3FBBCAD57E0BDD624953C090CD03C60E7313DBE8CEF397286C4BDAE421E3CE9929B3DF7ACDA3CB7085CBDD9F3AEBD7CFD90BDD34459BED71E943D2521DBBDBA1409BD2E76EB3BED57C03D57094EBD071C61BD8A47A6BD7C41073D460EB43CEFEB3CBD2221A33D8EE4B7BDA2F2813DF3CD973AC0DCE5BD7F2437BC239D9DBDD945BC3D9A45B9BC8CE9D73C239F6E3DFC7F1DBD5A46F9BDC596DA3D96CAB53B26350B3CE4F538BDB09D673D203EC13D965FAF3CBCEC9DBDFCAF31BD72B17ABDD7B1ADBC4E18443D09F423BEDDBA95BC9DA67D3C0B1F303DB5AE423C56F0B0BD8A4394BDDFEA9DBCF9181ABBD13730BE73F89F3DEC60E33BED7F893D5A80283D3D9D843DF6944CBDA76C63BDB36518BD8E35DD3DBB02D73CD3B6E03B6466643DA21BA5BDE4982BBD76D4743D199401BD60059CBC654DFF3D654F7FBC95F17E3B12B6C6BD4914C1BCE06D733DA06FA23DB675AC3C859EB13DD39611BD7C4226BDA492C93C2F40ECBD05FBAC3D97E0A13DF307FABCBB021FBCCFC2303DAC9226BD538E2B3CFF6FFA3CC76B1F3EAE1FC33ADFFFE5BCA67014BD2CA8923DB9D737BD3DDD9DBDD4BAEE3AF207A1BDE707963B29B28CBD3C48B63BD5BF3FBEC6B9CF3DF74087BD92D4573C91264A3D76631EBD9A4612BE4B57B33C6F7695BD5AE46DBD8089BEBB5B02FBBC1B1A9A3DCFFE90BDB2021B3DF3DCBDBD8CB4BDBD0D5F323C2D075CBD436F13BDC6E82EBD5299373D73D9DEBCD3775CBD0D2797BCEF2DDC3D295B94BBF209D3BDCC6AB6BD57149BBC6584D93D85D8493D246CB83CB4A8113CAD126CBDA60F9BBCA3959FBBA017053E5C31E73C30478DBC8CEE093C801163BDE97B923D952B033DA15EF1BD10BBC23C8F323A3D3F6718BDD101713EB772893D0A47CABD99E074BB2B55633DC7C8D9BD7A5FFFBC923E93BD76D0F8BC5268A13C857BF53C8791FCBD9999B43DC4A1123CA71BAA3D7D8D403D8111453C6CCB213D2D04283CBC62CDBC2DFED33B71B39ABDBA6EA3BC6B8B243D, '2022-05-21 03:36:10', '2022-05-21 03:36:10');

SET FOREIGN_KEY_CHECKS = 1;


/*
 Navicat Premium Data Transfer

 Source Server         : localhost_3306
 Source Server Type    : MySQL
 Source Server Version : 50719
 Source Host           : localhost:3306
 Source Schema         : ry

 Target Server Type    : MySQL
 Target Server Version : 50719
 File Encoding         : 65001

 Date: 29/05/2022 23:11:33
*/

SET NAMES utf8mb4;
SET FOREIGN_KEY_CHECKS = 0;

-- ----------------------------
-- Table structure for student_info
-- ----------------------------
DROP TABLE IF EXISTS `student_info`;
CREATE TABLE `student_info`  (
  `idcard` int(8) NOT NULL COMMENT '学号',
  `name` varchar(30) CHARACTER SET utf8 COLLATE utf8_general_ci NULL DEFAULT '' COMMENT '姓名',
  `gender` varchar(4) CHARACTER SET utf8 COLLATE utf8_general_ci NULL DEFAULT '未知' COMMENT '性别',
  `grade` varchar(10) CHARACTER SET utf8 COLLATE utf8_general_ci NULL DEFAULT '' COMMENT '年级',
  `major` varchar(30) CHARACTER SET utf8 COLLATE utf8_general_ci NULL DEFAULT '' COMMENT '专业',
  `stucla` varchar(10) CHARACTER SET utf8 COLLATE utf8_general_ci NULL DEFAULT '' COMMENT '班级',
  `phone` varchar(11) CHARACTER SET utf8 COLLATE utf8_general_ci NULL DEFAULT '' COMMENT '电话',
  `fpath` varchar(255) CHARACTER SET utf8 COLLATE utf8_general_ci NULL DEFAULT '' COMMENT '照片路径',
  `isin` varchar(4) CHARACTER SET utf8 COLLATE utf8_general_ci NULL DEFAULT '未知' COMMENT '在寝状态',
  PRIMARY KEY (`idcard`) USING BTREE
) ENGINE = InnoDB CHARACTER SET = utf8 COLLATE = utf8_general_ci ROW_FORMAT = Dynamic;

-- ----------------------------
-- Records of student_info
-- ----------------------------
INSERT INTO `student_info` VALUES (1, '周杰伦', '男', '2018级', '软件工程', '1班', '13000000000', '', '在寝');
INSERT INTO `student_info` VALUES (2, '蔡徐坤', '女', '2018级', '软件工程', '2班', '13000000000', '', '不在');
INSERT INTO `student_info` VALUES (3, '许嵩', '男', '2018级', '软件工程', '3班', '13000000000', '', '在寝');
INSERT INTO `student_info` VALUES (4, '汪苏泷', '男', '2018级', '软件工程', '4班', '13000000000', '', '在寝');
INSERT INTO `student_info` VALUES (18102292, '付林铭', '男', '2018级', '软件工程', '4班', '13022630036', '', '在寝');

SET FOREIGN_KEY_CHECKS = 1;

/*
 Navicat Premium Data Transfer

 Source Server         : localhost_3306
 Source Server Type    : MySQL
 Source Server Version : 50719
 Source Host           : localhost:3306
 Source Schema         : ry

 Target Server Type    : MySQL
 Target Server Version : 50719
 File Encoding         : 65001

 Date: 29/05/2022 23:11:41
*/

SET NAMES utf8mb4;
SET FOREIGN_KEY_CHECKS = 0;

-- ----------------------------
-- Table structure for student_outtime
-- ----------------------------
DROP TABLE IF EXISTS `student_outtime`;
CREATE TABLE `student_outtime`  (
  `idcard` int(8) NOT NULL COMMENT '学号',
  `name` varchar(30) CHARACTER SET utf8 COLLATE utf8_general_ci NULL DEFAULT NULL COMMENT '姓名',
  `outtime` timestamp(0) NULL DEFAULT CURRENT_TIMESTAMP(0) COMMENT '出寝时间',
  INDEX `idcard`(`idcard`) USING BTREE,
  CONSTRAINT `student_outtime_ibfk_1` FOREIGN KEY (`idcard`) REFERENCES `student_info` (`idcard`) ON DELETE CASCADE ON UPDATE CASCADE
) ENGINE = InnoDB CHARACTER SET = utf8 COLLATE = utf8_general_ci ROW_FORMAT = Dynamic;

-- ----------------------------
-- Records of student_outtime
-- ----------------------------
INSERT INTO `student_outtime` VALUES (3, '许嵩', '2022-05-01 08:37:09');
INSERT INTO `student_outtime` VALUES (4, '汪苏泷', '2022-05-01 08:42:29');
INSERT INTO `student_outtime` VALUES (1, '周杰伦', '2022-05-01 08:49:20');
INSERT INTO `student_outtime` VALUES (2, '蔡徐坤', '2022-05-01 08:50:05');
INSERT INTO `student_outtime` VALUES (3, '许嵩', '2022-05-02 18:37:09');
INSERT INTO `student_outtime` VALUES (1, '周杰伦', '2022-05-04 09:49:20');
INSERT INTO `student_outtime` VALUES (2, '蔡徐坤', '2022-05-04 09:50:05');
INSERT INTO `student_outtime` VALUES (3, '许嵩', '2022-05-04 18:37:09');
INSERT INTO `student_outtime` VALUES (4, '汪苏泷', '2022-05-04 10:42:29');
INSERT INTO `student_outtime` VALUES (1, '周杰伦', '2022-05-05 09:49:20');
INSERT INTO `student_outtime` VALUES (2, '蔡徐坤', '2022-05-05 09:50:05');
INSERT INTO `student_outtime` VALUES (3, '许嵩', '2022-05-05 18:37:09');
INSERT INTO `student_outtime` VALUES (4, '汪苏泷', '2022-05-05 10:42:29');
INSERT INTO `student_outtime` VALUES (1, '周杰伦', '2022-05-09 09:49:20');
INSERT INTO `student_outtime` VALUES (2, '蔡徐坤', '2022-05-07 09:50:05');
INSERT INTO `student_outtime` VALUES (3, '许嵩', '2022-05-07 18:37:09');
INSERT INTO `student_outtime` VALUES (4, '汪苏泷', '2022-05-07 10:42:29');
INSERT INTO `student_outtime` VALUES (1, '周杰伦', '2022-05-07 09:49:20');
INSERT INTO `student_outtime` VALUES (2, '蔡徐坤', '2022-05-08 09:50:05');
INSERT INTO `student_outtime` VALUES (3, '许嵩', '2022-05-08 10:37:09');
INSERT INTO `student_outtime` VALUES (4, '汪苏泷', '2022-05-08 10:42:29');
INSERT INTO `student_outtime` VALUES (1, '周杰伦', '2022-05-08 09:49:20');
INSERT INTO `student_outtime` VALUES (4, '汪苏泷', '2022-05-09 10:42:29');
INSERT INTO `student_outtime` VALUES (2, '蔡徐坤', '2022-05-10 09:50:05');
INSERT INTO `student_outtime` VALUES (3, '许嵩', '2022-05-13 10:37:09');
INSERT INTO `student_outtime` VALUES (4, '汪苏泷', '2022-05-13 10:42:29');
INSERT INTO `student_outtime` VALUES (2, '蔡徐坤', '2022-05-21 10:04:48');

SET FOREIGN_KEY_CHECKS = 1;
